asset,description,buildingcode,buildingname,floor,directions
24806,"PL, BOTTLE FILLER WATER FILTER, Butler College, 1976 Hall",0703_01_H50,1976 Hall,1,1
24807,"PL, BOTTLE FILLER WATER FILTER, Butler College, 1976 Hall",0703_02_H50,1976 Hall,2,2
24808,"PL, BOTTLE FILLER WATER FILTER, Butler College, 1976 Hall",0703_02_S68,1976 Hall,2,2
24809,"PL, BOTTLE FILLER WATER FILTER, Butler College, 1976 Hall",0703_03_S68,1976 Hall,3,3
24810,"PL, BOTTLE FILLER WATER FILTER, Butler College, 1976 Hall",0703_03_H50,1976 Hall,3,3
24532,"PL, BOTTLE FILLER WATER FILTER, Aaron Burr Hall",0013,Aaron Burr Hall,N/A,N/A
24533,"PL, BOTTLE FILLER WATER FILTER, Aaron Burr Hall",0013,Aaron Burr Hall,N/A,N/A
24534,"PL, BOTTLE FILLER WATER FILTER, Aaron Burr Hall",0013,Aaron Burr Hall,N/A,N/A
68981,"PL, BOTTLE FILLER WATER FILTER, Alexander Road, 693",0691_02_T50,"Alexander Road, 693",2,2
69007,"PL, BOTTLE FILLER WATER FILTER, Alexander Road, 693",0691_01_H31,"Alexander Road, 693",1,1
59392,"PL, BOTTLE FILLER WATER FILTER, Alexander Street, 294",0664_01_C15,"Alexander Street, 294",1,1
59393,"PL, BOTTLE FILLER WATER FILTER, Alexander Street, 294",0664_01_C15,"Alexander Street, 294",1,1
59394,"PL, BOTTLE FILLER WATER FILTER, Alexander Street, 294",0664_02_C18,"Alexander Street, 294",2,2
59395,"PL, BOTTLE FILLER WATER FILTER, Alexander Street, 294",0664_02_C18,"Alexander Street, 294",2,2
59396,"PL, BOTTLE FILLER WATER FILTER, Alexander Street, 294",0664_02_E18,"Alexander Street, 294",2,2
67430,"SF-EQ, BOTTLE FILLER WATER FILTER, Andlinger Center",0729_02_ZZ36,Andlinger Center,2,2
67426,"SF-EQ, BOTTLE FILLER WATER FILTER, Andlinger Center",0729_00_AAA35,Andlinger Center,0,0
67428,"SF-EQ, BOTTLE FILLER WATER FILTER, Andlinger Center",0729_1L_ZZ36,Andlinger Center,1L,1L
67427,"SF-EQ, BOTTLE FILLER WATER FILTER, Andlinger Center",0729_00_TT31,Andlinger Center,0,0
67429,"SF-EQ, BOTTLE FILLER WATER FILTER, Andlinger Center",0729_1L_Y53,Andlinger Center,1L,1L
72129,"PL, BOTTLE FILLER WATER FILTER, LCA",0753_06_PP8,Arts Tower,6,6
72119,"PL, BOTTLE FILLER WATER FILTER, Arts Tower, Level 4, Corridor",0753_04_MM8,Arts Tower,4,4
72123,"PL, BOTTLE FILLER WATER FILTER, Arts Tower, Level 2",0753_02_KK10,Arts Tower,2,2
72134,"PL, BOTTLE FILLER WATER FILTER, ""CONCESSION STAND""- LCA",0753_00_EE13,Arts Tower,0,CONCESSION STAND
72348,"PL, BOTTLE FILLER WATER FILTER, LCA",0753_0M_KK9,Arts Tower,M,M
72349,"PL, BOTTLE FILLER WATER FILTER, LCA",0753_02_KK10,Arts Tower,2,2
72121,"PL, BOTTLE FILLER WATER FILTER, LCA",0753_02_KK10,Arts Tower,2,2
72120,"PL, BOTTLE FILLER WATER FILTER, LCA",0753_06_LL9,Arts Tower,6,6
90938,"PL, BOTTLE FILLER WATER FILTER, Baker Hall ""S"", Hallway S400",0686_04_NNNN7,Baker Hall 'S',4,4
90935,"PL, BOTTLE FILLER WATER FILTER, Baker Hall ""S"", Hallway S100",0686_01_LLLL8,Baker Hall 'S',1,1
90937,"PL, BOTTLE FILLER WATER FILTER, Baker Hall ""S"", Hallway S300",0686_03_LLLL8,Baker Hall 'S',3,3
90936,"PL, BOTTLE FILLER WATER FILTER, Baker Hall ""S"", Hallway S200",0686_02_LLLL8,Baker Hall 'S',2,2
54504,"PL, BOTTLE FILLER WATER FILTER, Baker Rink",0041_A_EE7,Baker Rink,A,A
54503,"PL, BOTTLE FILLER WATER FILTER, Baker Rink",0041_A_N4,Baker Rink,A,A
24782,"PL, BOTTLE FILLER WATER FILTER, Baker Rink",0041_01_R7,Baker Rink,1,1
24751,"PL, BOTTLE FILLER WATER FILTER, Berlind Theatre",0645_00_I14,Berlind Theater,0,0
24753,"PL, BOTTLE FILLER WATER FILTER, Berlind Theatre",0645_01_N5,Berlind Theater,1,1
24754,"PL, BOTTLE FILLER WATER FILTER, Berlind Theatre",0645_01_N5,Berlind Theater,1,1
24622,"PL, BOTTLE FILLER WATER FILTER, Blair Hall",0019_A_XX9,Blair Hall,A,A
24617,"PL, BOTTLE FILLER WATER FILTER, Blair Hall",0019_A_AA31,Blair Hall,A,A
24618,"PL, BOTTLE FILLER WATER FILTER, Blair Hall",0019_01_X59,Blair Hall,1,1
24619,"PL, BOTTLE FILLER WATER FILTER, Blair Hall",0019_02_AA11,Blair Hall,2,2
24620,"PL, BOTTLE FILLER WATER FILTER, Blair Hall",0019_02_AA56,Blair Hall,2,2
24621,"PL, BOTTLE FILLER WATER FILTER, Blair Hall",0019_03_DD61,Blair Hall,3,3
24995,"PL, BOTTLE FILLER WATER FILTER, Bloomberg Hall",0627_01_P45,Bloomberg Hall,1,1
24996,"PL, BOTTLE FILLER WATER FILTER, Bloomberg Hall",0627_01_S49,Bloomberg Hall,1,1
24997,"PL, BOTTLE FILLER WATER FILTER, Bloomberg Hall",0627_02_Y20,Bloomberg Hall,2,2
24998,"PL, BOTTLE FILLER WATER FILTER, Bloomberg Hall",0627_02_X43,Bloomberg Hall,2,2
24999,"PL, BOTTLE FILLER WATER FILTER, Bloomberg Hall",0627_03_Y20,Bloomberg Hall,3,3
25000,"PL, BOTTLE FILLER WATER FILTER, Bloomberg Hall",0627_03_Y43,Bloomberg Hall,3,3
25001,"PL, BOTTLE FILLER WATER FILTER, Bloomberg Hall",0627_04_E28,Bloomberg Hall,4,4
25006,"PL, BOTTLE FILLER WATER FILTER, Butler College, Bogle Hall",0695,Bogle Hall,N/A,N/A
24992,"PL, BOTTLE FILLER WATER FILTER, Broadmead, 171",0124_01_Y25,"Broadmead, 171",1,1
24993,"PL, BOTTLE FILLER WATER FILTER, Broadmead, 171",0124_A_CC21,"Broadmead, 171",A,A
24994,"PL, BOTTLE FILLER WATER FILTER, Broadmead, 171",0124_A_DD12,"Broadmead, 171",A,A
24990,"PL, BOTTLE FILLER WATER FILTER, Broadmead, 171",0124_01_EE14,"Broadmead, 171",1,1
24991,"PL, BOTTLE FILLER WATER FILTER, Broadmead, 171",0124_01_CC23,"Broadmead, 171",1,1
71311,"PL, BOTTLE FILLER WATER FILTER, #1 Child Care Center",0821_01_S7,"Broadmead, 185",1,1
71312,"PL, BOTTLE FILLER WATER FILTER, #2 Child Care Center",0821_01_YY17,"Broadmead, 185",1,1
24611,"PL, BOTTLE FILLER WATER FILTER, Brown Hall",0014,Brown Hall,N/A,N/A
24612,"PL, BOTTLE FILLER WATER FILTER, Brown Hall",0014,Brown Hall,N/A,N/A
24613,"PL, BOTTLE FILLER WATER FILTER, Brown Hall",0014,Brown Hall,N/A,N/A
24614,"PL, BOTTLE FILLER WATER FILTER, Brown Hall",0014,Brown Hall,N/A,N/A
25002,"PL, BOTTLE FILLER WATER FILTER, Buyers Hall",0631_A_X9,Buyers Hall,A,A
25003,"PL, BOTTLE FILLER WATER FILTER, Buyers Hall",0631_01_Z17,Buyers Hall,1,1
25004,"PL, BOTTLE FILLER WATER FILTER, Buyers Hall",0631_02_S8,Buyers Hall,2,2
25005,"PL, BOTTLE FILLER WATER FILTER, Buyers Hall",0631_01_Y18,Buyers Hall,1,1
24794,"PL, BOTTLE FILLER WATER FILTER, Caldwell Field House",0110_01_Y30,Caldwell Field House,1,1
24795,"PL, BOTTLE FILLER WATER FILTER, Caldwell Field House",0110_02_M24,Caldwell Field House,2,2
50692,"PL, BOTTLE FILLER WATER FILTER, Campus Club",0579,Campus Club,N/A,N/A
50693,"PL, BOTTLE FILLER WATER FILTER, Campus Club",0579,Campus Club,N/A,N/A
51775,"PL, BOTTLE FILLER WATER FILTER, Campus Club",0579_A_B13,Campus Club,A,A
92709,"PL, BOTTLE FILLER WATER FILTER, Carl C. Icahn Laboratory",0620_02_X55,Carl C. Icahn Laboratory,2,2
25016,"PL, BOTTLE FILLER WATER FILTER, Chambers Street, 22",0559,"Chambers Street, 22",N/A,N/A
25017,"PL, BOTTLE FILLER WATER FILTER, Chambers Street, 22",0559,"Chambers Street, 22",N/A,N/A
52656,"PL, BOTTLE FILLER WATER FILTER, Class of 1901",0047_00_V8,Class of 1901-Laughlin Hall,0,0
52657,"PL, BOTTLE FILLER WATER FILTER, Class of 1901",0047_00_Q19,Class of 1901-Laughlin Hall,0,0
24784,"PL, BOTTLE FILLER WATER FILTER, Class of 1901 - Laughlin Hall",0047_00_Q22,Class of 1901-Laughlin Hall,0,0
51642,"PL, BOTTLE FILLER WATER FILTER, Class of 1903 Hall",0053_A_X6,Class of 1903 Hall,A,A
24789,"PL, BOTTLE FILLER WATER FILTER, Class of 1915 Hall",0071_A_S35,Class of 1915 Hall,A,A
24963,"PL, BOTTLE FILLER WATER FILTER, Class of 1927 Hall - Clapp Hall",0164_03_F13,Class of 1927-Clapp Hall,3,3
24964,"PL, BOTTLE FILLER WATER FILTER, Class of 1927 Hall - Clapp Hall",0164_02_E13,Class of 1927-Clapp Hall,2,2
24965,"PL, BOTTLE FILLER WATER FILTER, Class of 1927 Hall - CLAPP HALL",0164_01_F17,Class of 1927-Clapp Hall,1,1
24966,"PL, BOTTLE FILLER WATER FILTER, Class of 1927 Hall - CLAPP HALL",0164,Class of 1927-Clapp Hall,,
19153,"PL, BOTTLE FILLER WATER FILTER, Class of 1939 Hall",0093_A_G5,Class of 1939 Hall,A,A
24970,"PL, BOTTLE FILLER WATER FILTER, Class of 1967 Hall",0694_01_LL28,Class of 1967 Hall,1,1
24971,"PL, BOTTLE FILLER WATER FILTER, Class of 1967 Hall",0694_01_LL25,Class of 1967 Hall,1,1
24972,"PL, BOTTLE FILLER WATER FILTER, Class of 1967 Hall",0694_02_LL28,Class of 1967 Hall,2,2
24973,"PL, BOTTLE FILLER WATER FILTER, Class of 1967 Hall",0694_03_LL28,Class of 1967 Hall,3,3
24974,"PL, BOTTLE FILLER WATER FILTER, Class of 1967 Hall",0694_03_GG29,Class of 1967 Hall,3,3
24975,"PL, BOTTLE FILLER WATER FILTER, Class of 1967 Hall",0694_01_NN17,Class of 1967 Hall,1,1
90942,"PL, BOTTLE FILLER WATER FILTER, Class of 1981 Hall, Hallway F200A",0668_02_QQQQ54,Class of 1981 Hall,2,2
90945,"PL, BOTTLE FILLER WATER FILTER, Class of 1981 Hall, Hallway F100B",0668_01_QQQQ54,Class of 1981 Hall,1,1
90943,"PL, BOTTLE FILLER WATER FILTER, Class of 1981 Hall, Hallway F400A",0668_04_QQQQ54,Class of 1981 Hall,4,4
90944,"PL, BOTTLE FILLER WATER FILTER, Class of 1981 Hall, Hallway F300A",0668_03_QQQQ54,Class of 1981 Hall,3,3
90939,"PL, BOTTLE FILLER WATER FILTER, Class of 1981 Hall, Laundry FB11",0668_A_VVVV52,Class of 1981 Hall,A,A
90948,"PL, BOTTLE FILLER WATER FILTER, Community Hall, Hallway H000",0675_00_DDD48,Community Hall,0,0
24983,"PL, BOTTLE FILLER WATER FILTER, Computer Science Building",0167_04_C29,Computer Science Building,4,4
24984,"PL, BOTTLE FILLER WATER FILTER, Computer Science Building",0167_03_C29,Computer Science Building,3,3
25014,"PL, BOTTLE FILLER WATER FILTER, Corwin Hall",0085_01_W13,Corwin Hall,1,1
25015,"PL, BOTTLE FILLER WATER FILTER, Corwin Hall",0085_02_D5,Corwin Hall,2,2
24775,"PL, BOTTLE FILLER WATER FILTER, Cuyler Hall",0030_A_G19,Cuyler Hall,A,A
56115,"PL, BOTTLE FILLER WATER FILTER, DeNunzio Pool (DECK)",0170,DeNunzio Pool,DECK,DECK
25012,"PL, BOTTLE FILLER WATER FILTER, DeNunzio Pool",0170_01_D25,DeNunzio Pool,1,1
25013,"PL, BOTTLE FILLER WATER FILTER, DeNunzio Pool",0170_A_D28,DeNunzio Pool,A,A
57801,"PL, BOTTLE FILLER WATER FILTER, 2 Dickinson Street",0060_01_G5,"Dickinson Street, 2",1,1
68276,"PL, BOTTLE FILLER WATER FILTER, Dillon Gym (located near Vending A20)",0067,Dillon Gymnasium,N/A,NEAR VENDING A20
68275,"PL, BOTTLE FILLER WATER FILTER, Dillon Gym (located near Vending A36)",0067,Dillon Gymnasium,N/A,NEAR VENDING A36
89218,"PL, BOTTLE FILLER WATER FILTER, Dillon Gym",0067_01_V50,Dillon Gymnasium,1,1
24787,"PL, BOTTLE FILLER WATER FILTER, Dillon Gym",0067_B_G16,Dillon Gymnasium,B,B
24788,"PL, BOTTLE FILLER WATER FILTER, Dillon Gym",0067,Dillon Gymnasium,N/A,N/A
91920,"PL, BOTTLE FILLER WATER FILTER, Dod Hall",0012_A_G26,Dod Hall,A,A
91921,"PL, BOTTLE FILLER WATER FILTER, Dod Hall",0012_A_G12,Dod Hall,A,A
24729,"PL, BOTTLE FILLER WATER FILTER, Dodge Hall",0020,Dodge Hall,N/A,N/A
64755,"PL, BOTTLE FILLER WATER FILTER, Dodge Hall (Second floor kitchenette )",0020,Dodge Hall,2,2ND FLOOR KITCHENETTE
24728,"PL, BOTTLE FILLER WATER FILTER, Dodge Hall",0020,Dodge Hall,N/A,N/A
24792,"PL, BOTTLE FILLER WATER FILTER, Dodge-Osborn Hall",0094_00_F14,Dodge-Osborn Hall,0,0
24531,"PL, BOTTLE FILLER WATER FILTER, Edwards Hall",0010_A_G12,Edwards Hall,A,A
72130,"PL, BOTTLE FILLER WATER FILTER, LCA",0754_02_AAA34,Effron Music Building,2,2
24767,"PL, BOTTLE FILLER WATER FILTER, Elm Drive, 200",0044,"Elm Drive, 200",N/A,N/A
24768,"PL, BOTTLE FILLER WATER FILTER, Elm Drive, 200",0044,"Elm Drive, 200",N/A,N/A
25043,"PL, BOTTLE FILLER WATER FILTER, Engineering Quad A-Wing",0101_04_L31,Engineering Quad A-Wing,4,4
25040,"PL, BOTTLE FILLER WATER FILTER, Engineering Quad A-Wing",0101_01_K3,Engineering Quad A-Wing,1,1
25041,"PL, BOTTLE FILLER WATER FILTER, Engineering Quad A-Wing",0101_02_K2,Engineering Quad A-Wing,2,2
25042,"PL, BOTTLE FILLER WATER FILTER, Engineering Quad A-Wing",0101_03_K2,Engineering Quad A-Wing,3,3
25039,"PL, BOTTLE FILLER WATER FILTER, Engineering Quad B-Wing",0102_04_J3,Engineering Quad B-Wing,4,4
25036,"PL, BOTTLE FILLER WATER FILTER, Engineering Quad B-Wing",0102_01_I2,Engineering Quad B-Wing,1,1
25037,"PL, BOTTLE FILLER WATER FILTER, Engineering Quad B-Wing",0102_02_I5,Engineering Quad B-Wing,2,2
25038,"PL, BOTTLE FILLER WATER FILTER, Engineering Quad B-Wing",0102_03_I1,Engineering Quad B-Wing,3,3
25034,"PL, BOTTLE FILLER WATER FILTER, Engineering Quad C-Wing",0103_02_F3,Engineering Quad C-Wing,2,2
25035,"PL, BOTTLE FILLER WATER FILTER, Engineering Quad C-Wing",0103_03_J40,Engineering Quad C-Wing,3,3
25031,"PL, BOTTLE FILLER WATER FILTER, Engineering Quad D-Wing",0104_02_K38,Engineering Quad D-Wing,2,2
25033,"PL, BOTTLE FILLER WATER FILTER, Engineering Quad D-Wing",0104_04_T7,Engineering Quad D-Wing,4,4
25032,"PL, BOTTLE FILLER WATER FILTER, Engineering Quad D-Wing",0104_03_K38,Engineering Quad D-Wing,3,3
25027,"PL, BOTTLE FILLER WATER FILTER, Engineering Quad E-Wing",0105_01_N7,Engineering Quad E-Wing,1,1
25029,"PL, BOTTLE FILLER WATER FILTER, Engineering Quad E-Wing",0105_03_N8,Engineering Quad E-Wing,3,3
25030,"PL, BOTTLE FILLER WATER FILTER, Engineering Quad E-Wing",0105_04_N8,Engineering Quad E-Wing,4,4
25028,"PL, BOTTLE FILLER WATER FILTER, Engineering Quad E-Wing",0105_02_N10,Engineering Quad E-Wing,2,2
25025,"PL, BOTTLE FILLER WATER FILTER, Engineering Quad G-Wing",0156,Engineering Quad G-Wing,N/A,N/A
25026,"PL, BOTTLE FILLER WATER FILTER, Engineering Quad G-Wing",0156,Engineering Quad G-Wing,N/A,N/A
25021,"PL, BOTTLE FILLER WATER FILTER, Engineering Quad J-Wing",0552_01_H6,Engineering Quad J-Wing,1,1
25022,"PL, BOTTLE FILLER WATER FILTER, Engineering Quad J-Wing",0552_02_H34,Engineering Quad J-Wing,2,2
25023,"PL, BOTTLE FILLER WATER FILTER, Engineering Quad J-Wing",0552_04_S11,Engineering Quad J-Wing,4,4
25024,"PL, BOTTLE FILLER WATER FILTER, Engineering Quad J-Wing",0552_04_S11,Engineering Quad J-Wing,4,4
24749,"PL, BOTTLE FILLER WATER FILTER, FIine Hall",0139,Fine Hall,N/A,N/A
24762,"PL, BOTTLE FILLER WATER FILTER, Fisher Hall",0172_00_I27,Fisher Hall,0,0
24763,"PL, BOTTLE FILLER WATER FILTER, Fisher Hall",0172_03_I31,Fisher Hall,3,3
24764,"PL, BOTTLE FILLER WATER FILTER, Fisher Hall, A Level, Circulation - B10COR",0172,Fisher Hall,A,B10COR
24765,"PL, BOTTLE FILLER WATER FILTER, Fisher Hall",0172_02_I30,Fisher Hall,2,2
24766,"PL, BOTTLE FILLER WATER FILTER, Fisher Hall",0172_01_I32,Fisher Hall,1,1
90941,"PL, BOTTLE FILLER WATER FILTER, Fisher Hall, Trash Room A220",0671_02_H43,Fisher Hall Dorm,2,TRASH ROOM A220
90940,"PL, BOTTLE FILLER WATER FILTER, Fisher Hall, Trash Room A120",0671_01_H43,Fisher Hall Dorm,1,TRASH ROOM A120
52816,"PL, BOTTLE FILLER WATER FILTER, Forbes College Main",0148_02_R37,Forbes College Main,2,2
53546,"PL, BOTTLE FILLER WATER FILTER, Forbes College Main",0148_01_M28,Forbes College Main,1,1
58562,"PL, BOTTLE FILLER WATER FILTER, Forbes College Main- kitchenette",0148_A_N6,Forbes College Main,A,KITCHENETTE
81544,"PL, BOTTLE FILLER WATER FILTER, Foulke Hall",0042_01_D24,Foulke Hall,1,1
81545,"PL, BOTTLE FILLER WATER FILTER, Foulke Hall",0042_02_D24,Foulke Hall,2,2
52658,"PL, BOTTLE FILLER WATER FILTER, Graduate College, New",0113_01_FF39,"Graduate College, New",1,1
75003,"PL, BOTTLE FILLER WATER FILTER, Graduate College, Old",0033_A_V51,"Graduate College, Old",A,A
82502,"SF-GM, BOTTLE FILLER WATER FILTER, Guyot Hall",0027_B_R47,Guyot Hall,B,B
50690,"PL, BOTTLE FILLER WATER FILTER, Guyot Hall",0027,Guyot Hall,N/A,N/A
50691,"PL, BOTTLE FILLER WATER FILTER, Guyot Hall",0027,Guyot Hall,N/A,N/A
92788,"PL, BOTTLE FILLER WATER FILTER, Guyot Hall M164",0027_1I_A06290,Guyot Hall,1I,M164
64655,"PL, BOTTLE FILLER WATER FILTER, Haaga House",0770,Haaga House,N/A,N/A
67592,"PL, BOTTLE FILLER WATER FILTER, Helm Building",0595_01_K19,Helm Building,1,1
67593,"PL, BOTTLE FILLER WATER FILTER, Helm Building",0595_02_H20,Helm Building,2,2
67594,"PL, BOTTLE FILLER WATER FILTER, Helm Building",0595_03_I20,Helm Building,3,3
67595,"PL, BOTTLE FILLER WATER FILTER, Helm Building",0595_04_H20,Helm Building,4,4
30509,"PL, BOTTLE FILLER WATER FILTER, Jadwin Gymnasium",0140_A_A03547,Jadwin Gymnasium,A,A
24985,"PL, BOTTLE FILLER WATER FILTER, Jadwin Gymnasium",0140,Jadwin Gymnasium,N/A,N/A
24986,"PL, BOTTLE FILLER WATER FILTER, Jadwin Gymnasium",0140,Jadwin Gymnasium,N/A,N/A
24987,"PL, BOTTLE FILLER WATER FILTER, Jadwin Gymnasium",0140,Jadwin Gymnasium,N/A,N/A
24988,"PL, BOTTLE FILLER WATER FILTER, Jadwin Gymnasium",0140,Jadwin Gymnasium,N/A,N/A
24989,"PL, BOTTLE FILLER WATER FILTER, Jadwin Gymnasium",0140,Jadwin Gymnasium,N/A,N/A
24786,"PL, BOTTLE FILLER WATER FILTER, Joline Hall",0059_A_F21,Joline Hall,A,A
68064,"PL, BOTTLE FILLER WATER FILTER, Julis Romo Rabinowitz Building, Level 3, Pantry - 398",0054_03_L89,Julis Romo Rabinowitz Building,3,PANTRY 398
68063,"PL, BOTTLE FILLER WATER FILTER, Julis Romo Rabinowitz Building, Level 2, Pantry - 296",0054_02_I96,Julis Romo Rabinowitz Building,2,PANTRY 296
68061,"PL, BOTTLE FILLER WATER FILTER, Julis Romo Rabinowitz Building, Level A, Lounge - A04",0054_A_C57,Julis Romo Rabinowitz Building,A,LOUNGE A04
68059,"PL, BOTTLE FILLER WATER FILTER, Julis Romo Rabinowitz Building, Level A, Corridor - A97COR",0054_A_N89,Julis Romo Rabinowitz Building,A,A97COR
68060,"PL, BOTTLE FILLER WATER FILTER, Julis Romo Rabinowitz Building, Level 3, Pantry - 396A",0054_03_J96,Julis Romo Rabinowitz Building,3,PANTRY 396A
63491,"PL, BOTTLE FILLER WATER FILTER, Julius Romo, Level 2, Corridor - 235CORC",0054,Julis Romo Rabinowitz Building,2,235CORRIDOR
63485,"PL, BOTTLE FILLER WATER FILTER, Julius Romo, Level B, Corridor - B48COR",0054,Julis Romo Rabinowitz Building,B, B48CORRIDOR
63486,"PL, BOTTLE FILLER WATER FILTER, Julius Romo,  Corridor - A30COR",0054,Julis Romo Rabinowitz Building,A,A30CORRIDOR
63487,"PL, BOTTLE FILLER WATER FILTER, Julius Romo, Corridor - A75COR",0054,Julis Romo Rabinowitz Building,A,A75CORRIDOR
63488,"PL, BOTTLE FILLER WATER FILTER, Julius Romo, Level 1, Corridor - 187COR",0054,Julis Romo Rabinowitz Building,1,1
63489,"PL, BOTTLE FILLER WATER FILTER, Julius Romo, Level 1, Corridor - 112COR",0054,Julis Romo Rabinowitz Building,1,1
63490,"PL, BOTTLE FILLER WATER FILTER, Julius Romo, Level 2, Corridor - 220COR",0054,Julis Romo Rabinowitz Building,2,2
63492,"PL, BOTTLE FILLER WATER FILTER, Julius Romo, Level 3, Vestibule - 313A",0054,Julis Romo Rabinowitz Building,3,VESTIBULE 313A
63493,"PL, BOTTLE FILLER WATER FILTER, Julius Romo,  Level 3, Vestibule - 385A",0054,Julis Romo Rabinowitz Building,3,VESTIBULE 385A
24747,"PL, BOTTLE FILLER WATER FILTER, Lewis Library",0630,Lewis Library,N/A,N/A
24742,"PL, BOTTLE FILLER WATER FILTER, Lewis Library",0630,Lewis Library,N/A,N/A
24743,"PL, BOTTLE FILLER WATER FILTER, Lewis Library",0630,Lewis Library,N/A,N/A
24744,"PL, BOTTLE FILLER WATER FILTER, Lewis Library",0630,Lewis Library,N/A,N/A
24745,"PL, BOTTLE FILLER WATER FILTER, Lewis Library",0630,Lewis Library,N/A,N/A
24746,"PL, BOTTLE FILLER WATER FILTER, Lewis Library",0630,Lewis Library,N/A,N/A
24748,"PL, BOTTLE FILLER WATER FILTER, Lewis Library",0630,Lewis Library,N/A,N/A
24730,"PL, BOTTLE FILLER WATER FILTER, Little Hall",0021_02_E85,Little Hall,2,2
24731,"PL, BOTTLE FILLER WATER FILTER, Little Hall",0021,Little Hall,N/A,N/A
24785,"PL, BOTTLE FILLER WATER FILTER, Lockhart Hall",0049_00_U27,Lockhart Hall,0,0
40291,"PL, BOTTLE FILLER WATER FILTER, MacMillan Building",0107_00_T14,MacMillan Building,0,0
24616,"PL, BOTTLE FILLER WATER FILTER, MacMillan Building",0107_01_U73,MacMillan Building,1,1
24778,"PL, BOTTLE FILLER WATER FILTER, Madison Hall",0036_01_G7,Madison Hall,1,1
67424,"SF-EQ, BOTTLE FILLER WATER FILTER, Andlinger/Maeder Hall",0730_00_L22,Maeder Hall,0,0
67425,"SF-EQ, BOTTLE FILLER WATER FILTER, Andlinger/Maeder Hall",0730_00_D26,Maeder Hall,0,0
24750,"PL, BOTTLE FILLER WATER FILTER, McCarter Theatre",0055_A_N14,McCarter Theatre,A,A
24752,"PL, BOTTLE FILLER WATER FILTER, McCarter Theatre",0055_01_O30,McCarter Theatre,1,1
24779,"PL, BOTTLE FILLER WATER FILTER, McCormick Hall",0039,McCormick Hall,N/A,N/A
24780,"PL, BOTTLE FILLER WATER FILTER, McCormick Hall",0039,McCormick Hall,N/A,N/A
24528,"PL, BOTTLE FILLER WATER FILTER, McCormick Marquand Library",0039_01_R32,McCormick Hall,1,1
24529,"PL, BOTTLE FILLER WATER FILTER, McCormick Marquand Library",0039_03_X23,McCormick Hall,3,3
24738,"PL, BOTTLE FILLER WATER FILTER, McCosh Hall",0024_00_M78,McCosh Hall,0,0
24739,"PL, BOTTLE FILLER WATER FILTER, McCosh Hall",0024_00_P33,McCosh Hall,0,0
24740,"PL, BOTTLE FILLER WATER FILTER, McCosh Hall",0024_00_P72,McCosh Hall,0,0
24741,"PL, BOTTLE FILLER WATER FILTER, McCosh Hall",0024_00_R61,McCosh Hall,0,0
40292,"PL, BOTTLE FILLER WATER FILTER, Mercer Street, 4",0518_01_H7,"Mercer Street, 4",1,1
89228,"SF-GM, BOTTLE FILLER FILTER, Moffett Laboratory",0100_03_B18,Moffett Laboratory,3,3
24449,"PL, BOTTLE FILLER WATER FILTER, Nassau Hall",0001_02_Q22,Nassau Hall,2,2
24450,"PL, BOTTLE FILLER WATER FILTER, Nassau Hall",0001_02_R16,Nassau Hall,2,2
24451,"PL, BOTTLE FILLER WATER FILTER, Nassau Hall",0001_03_P31,Nassau Hall,3,3
75352,"PL, BOTTLE FILLER WATER FILTER, Nassau Street, 185",0132_03_P8,"Nassau Street, 185",3,3
24791,"PL, BOTTLE FILLER WATER FILTER, Nassau Street, 201",0168_01_F22,"Nassau Street, 201",1,1
24755,"PL, BOTTLE FILLER WATER FILTER, New South Building",0127,New South Building,N/A,N/A
24756,"PL, BOTTLE FILLER WATER FILTER, New South Building",0127,New South Building,N/A,N/A
24757,"PL, BOTTLE FILLER WATER FILTER, New South Building",0127,New South Building,N/A,N/A
24758,"PL, BOTTLE FILLER WATER FILTER, New South Building",0127,New South Building,N/A,N/A
24759,"PL, BOTTLE FILLER WATER FILTER, New South Building",0127,New South Building,N/A,N/A
24760,"PL, BOTTLE FILLER WATER FILTER, New South Building",0127,New South Building,N/A,N/A
24761,"PL, BOTTLE FILLER WATER FILTER, New South Building",0127,New South Building,N/A,N/A
24736,"PL, BOTTLE FILLER WATER FILTER, Patton Hall",0023_03_K34,Patton Hall,3,3
24737,"PL, BOTTLE FILLER WATER FILTER, Patton Hall",0023_04_I17,Patton Hall,4,4
24732,"PL, BOTTLE FILLER WATER FILTER, Patton Hall",0023,Patton Hall,N/A,N/A
24733,"PL, BOTTLE FILLER WATER FILTER, Patton Hall",0023_A_K55,Patton Hall,A,A
24734,"PL, BOTTLE FILLER WATER FILTER, Patton Hall",0023_01_H53,Patton Hall,1,1
24735,"PL, BOTTLE FILLER WATER FILTER, Patton Hall",0023_02_M19,Patton Hall,2,2
50842,"PL, BOTTLE FILLER WATER FILTER, Neuroscience",0659_BC_FF10,Princeton Neuroscience Institute,BC,BC
50843,"PL, BOTTLE FILLER WATER FILTER, Neuroscience",0659_A_W9,Princeton Neuroscience Institute,A,A
50844,"PL, BOTTLE FILLER WATER FILTER, Neuroscience",0659_A_NN27,Princeton Neuroscience Institute,A,A
50845,"PL, BOTTLE FILLER WATER FILTER, Neuroscience",0659_01_Z9,Princeton Neuroscience Institute,1,1
50846,"PL, BOTTLE FILLER WATER FILTER, Neuroscience",0659_01_NN28,Princeton Neuroscience Institute,1,1
50847,"PL, BOTTLE FILLER WATER FILTER, Neuroscience",0659_02_AA9,Princeton Neuroscience Institute,2,2
50991,"PL, BOTTLE FILLER WATER FILTER, Neuroscience",0659_02_GG28,Princeton Neuroscience Institute,2,2
52822,"PL, BOTTLE FILLER WATER FILTER, OUTDOOR- Princeton Stadium",0610_01_TTT66,Princeton Stadium,1,1
52824,"PL, BOTTLE FILLER WATER FILTER, OUTDOOR- Princeton Stadium",0610_01_L66,Princeton Stadium,1,1
52823,"PL, BOTTLE FILLER WATER FILTER, OUTDOOR- Princeton Stadium",0610_01_TTT66,Princeton Stadium,1,1
52825,"PL, BOTTLE FILLER WATER FILTER, OUTDOOR- Princeton Stadium",0610_01_L66,Princeton Stadium,1,1
57409,"PL, BOTTLE FILLER WATER FILTER, Princeton Stadium",0610_00_MMM14,Princeton Stadium,0,0
25018,"PL, BOTTLE FILLER WATER FILTER, Prospect Avenue, 58",0586_01_T4,"Prospect Avenue, 58",1,1
25019,"PL, BOTTLE FILLER WATER FILTER, Prospect Avenue, 58",0586_02_W3,"Prospect Avenue, 58",2,2
25020,"PL, BOTTLE FILLER WATER FILTER, Prospect Avenue, 58",0586_03_V3,"Prospect Avenue, 58",3,3
67225,"PL, BOTTLE FILLER WATER FILTER, Prospect Avenue, 91",0122_01_E16,"Prospect Avenue, 91",1,1
90949,"PL, BOTTLE FILLER WATER FILTER, Scheide Caldwell House, Hallway 102COR",0624_01_G4,Scheide Caldwell House,1,1
90950,"PL, BOTTLE FILLER WATER FILTER, Scheide Caldwell House, Hallway 202COR",0624_02_G4,Scheide Caldwell House,2,2
89215,"SF-GM, BOTTLE FILLER WATER FILTER, Schultz Laboratory",0568_01_K30,Schultz Laboratory,1,1
24799,"PL, BOTTLE FILLER WATER FILTER, Scully Hall",0603_02_UU18,Scully Hall,2,2
24796,"PL, BOTTLE FILLER WATER FILTER, Scully Hall",0603_01_UU18,Scully Hall,1,1
24797,"PL, BOTTLE FILLER WATER FILTER, Scully Hall",0603_01_TT54,Scully Hall,1,1
24798,"PL, BOTTLE FILLER WATER FILTER, Scully Hall",0603_01_K55,Scully Hall,1,1
24800,"PL, BOTTLE FILLER WATER FILTER, Scully Hall",0603_03_A03049,Scully Hall,3,3
24776,"PL, BOTTLE FILLER WATER FILTER, Shea Rowing Center",0032,Shea Rowing Center,N/A,N/A
24777,"PL, BOTTLE FILLER WATER FILTER, Shea Rowing Center",0032,Shea Rowing Center,N/A,N/A
24980,"PL, BOTTLE FILLER WATER FILTER, Sherrerd Hall",0653_A_J7,Sherrerd Hall,A,A
24981,"PL, BOTTLE FILLER WATER FILTER, Sherrerd Hall",0653,Sherrerd Hall,N/A,N/A
24982,"PL, BOTTLE FILLER WATER FILTER, Sherrerd Hall",0653,Sherrerd Hall,N/A,N/A
24979,"PL, BOTTLE FILLER WATER FILTER, Sherrerd Hall",0653_01_H7,Sherrerd Hall,1,1
75004,"PL, BOTTLE FILLER WATER FILTER, Spelman Halls - A51",0153_A_JJ18,Spelman Halls,A51,A51
82503,"SF-GM, BOTTLE FILLER WATER FILTER, Thomas Laboratory",0163_00_M22,Thomas Laboratory,0,0
38358,"PL, BOTTLE FILLER WATER FILTER, University Place, 36",0089_A_C6,"University Place, 36",A,A
92281,"PL, BOTTLE FILLER WATER FILTER, 36 University Place, Room 310",0089_03_J5,"University Place, 36",3,ROOM 310
92282,"PL, BOTTLE FILLER WATER FILTER, 36 University Place, Corridor 202",0089_02_Q10,"University Place, 36",2,CORRIDOR 202
72124,"PL, BOTTLE FILLER WATER FILTER, LCA- W FORUM EL#1",0752_00_G26,Wallace Dance Building and Theater,0, W FORUM EL#1
72127,"PL, BOTTLE FILLER WATER FILTER, LCA",0752_00_K30,Wallace Dance Building and Theater,0,0
72118,"PL, BOTTLE FILLER WATER FILTER, LCA",0752_00_K30,Wallace Dance Building and Theater,0,0
72125,"PL, BOTTLE FILLER WATER FILTER, LCA",0752_03_D20,Wallace Dance Building and Theater,3,3
72132,"PL, BOTTLE FILLER WATER FILTER, LCA- BY STAIR # 9",0752_00_K30,Wallace Dance Building and Theater,0,BY STAIR #9
72126,"PL, BOTTLE FILLER WATER FILTER, LCA",0752_0M_R99,Wallace Dance Building and Theater,M,M
72133,"PL, BOTTLE FILLER WATER FILTER, ""FILTRINE FOUNTAIN""- LCA W207 COR",0752_02_L39,Wallace Dance Building and Theater,2,2
72122,"PL, BOTTLE FILLER WATER FILTER, LCA- FORUM EL#4",0752_00_D21,Wallace Dance Building and Theater,0,FORUM EL#4
72128,"PL, BOTTLE FILLER WATER FILTER, LCA- OUTSIDE ELV. #1",0752_00_K30,Wallace Dance Building and Theater,0,OUTSIDE ELV.#1
66005,"PL, BOTTLE FILLER WATER FILTER, Wallace Hall",0615_A_C9,Wallace Hall,A,A
82492,"PL, BOTTLE FILLER WATER FILTER, Whitman College, Wendell Hall 'C'",0670_01_UU27,Wendell Hall 'C',1,1
90946,"PL, BOTTLE FILLER WATER FILTER, Wendell Hall ""C"", Hallway C300B",0670_03_TT44,Wendell Hall 'C',3,3
90947,"PL, BOTTLE FILLER WATER FILTER, Wendell Hall ""C"", Hallway C400A",0670_04_TT42,Wendell Hall 'C',4,4
24615,"PL, BOTTLE FILLER WATER FILTER, Whig Hall",0017_00_K7,Whig Hall,0,0
24793,"PL, BOTTLE FILLER WATER FILTER, Wilcox Hall",0099,Wilcox Hall,N/A,N/A
24801,"PL, BOTTLE FILLER WATER FILTER, Wilf Hall",0696_02_LL66,Wilf Hall,2,2
24802,"PL, BOTTLE FILLER WATER FILTER, Wilf Hall",0696_03_LL66,Wilf Hall,3,3
24803,"PL, BOTTLE FILLER WATER FILTER, Wilf Hall",0696_04_LL66,Wilf Hall,4,4
24804,"PL, BOTTLE FILLER WATER FILTER, Wilf Hall",0696_02_V68,Wilf Hall,2,2
52655,"PL, BOTTLE FILLER WATER FILTER, Witherspoon Hall",0007_04_J12,Witherspoon Hall,4,4
24530,"PL, BOTTLE FILLER WATER FILTER, Witherspoon Hall",0007_00_M19,Witherspoon Hall,0,0
25007,"PL, BOTTLE FILLER WATER FILTER, Woolworth Music Center",0116_A_I19,Woolworth Music Center,A,A
25008,"PL, BOTTLE FILLER WATER FILTER, Woolworth Music Center",0116_01_W15,Woolworth Music Center,1,1
25009,"PL, BOTTLE FILLER WATER FILTER, Woolworth Music Center",0116_02_W25,Woolworth Music Center,2,2
25010,"PL, BOTTLE FILLER WATER FILTER, Woolworth Music Center",0116_02_M14,Woolworth Music Center,2,2
25011,"PL, BOTTLE FILLER WATER FILTER, Woolworth Music Center",0116_03_T14,Woolworth Music Center,3,3
24790,"PL, BOTTLE FILLER WATER FILTER, Wu Hall",0160_02_J21,Wu Hall,2,2
24976,"PL, BOTTLE FILLER WATER FILTER, Butler College, Yoseloff Hall",0693_01_G24,Yoseloff Hall,1,1
24977,"PL, BOTTLE FILLER WATER FILTER, Butler College, Yoseloff Hall",0693_02_G24,Yoseloff Hall,2,2
24978,"PL, BOTTLE FILLER WATER FILTER, Butler College, Yoseloff Hall",0693,Yoseloff Hall,N/A,N/A